LGA Name,Region,Year,Net Expenditure,Adult population,Adults per venue,Number of machine per 1000 adults,Expenditure per adult,Unemployment rate
Whittlesea,Metro,2017," 106,994,642.75 "," 157,370 "," 15,737 ",4, 680 ,7.3%
Nillumbik,Metro,2017," 8,298,522.61 "," 48,614 "," 24,307 ",2, 171 ,2.6%
Ararat,Country,2017," 4,921,777.36 "," 8,712 "," 4,356 ",10, 565 ,5.5%
Northern Grampians,Country,2017," 4,183,804.74 "," 9,131 "," 4,566 ",9, 458 ,5.1%
Borough Of Queenscliffe,Country,2017," 1,282,462.14 "," 2,524 "," 2,524 ",12, 508 ,3.0%
Greater Geelong,Country,2017," 114,136,381.74 "," 185,673 "," 7,141 ",7, 615 ,6.2%
Corangamite,Country,2017," 2,764,524.83 "," 11,943 "," 5,971 ",5, 231 ,3.3%
Colac Otway,Country,2017," 7,466,425.77 "," 15,790 "," 3,158 ",7, 473 ,4.2%
Hepburn,Country,2017," 2,844,831.13 "," 12,111 "," 6,056 ",4, 235 ,3.4%
Moorabool,Country,2017," 8,550,958.40 "," 24,945 "," 8,315 ",4, 343 ,6.2%
Central Goldfields,Country,2017," 7,325,139.04 "," 10,265 "," 5,132 ",10, 714 ,7.8%
Mount Alexander,Country,2017," 2,823,286.73 "," 15,039 "," 15,039 ",2, 188 ,3.7%
Mansfield,Country,2017," 1,619,488.47 "," 6,450 "," 6,450 ",6, 251 ,2.9%
Murrindindi,Country,2017," 1,433,765.85 "," 11,220 "," 11,220 ",2, 128 ,4.3%
Mitchell,Country,2017," 17,356,249.50 "," 30,645 "," 6,129 ",7, 566 ,5.9%
Towong,Country,2017," 254,603.83 "," 4,567 "," 4,567 ",2, 56 ,4.5%
Alpine,Country,2017," 2,316,519.89 "," 9,514 "," 4,757 ",6, 243 ,3.4%
Moira,Country,2017," 3,780,992.31 "," 22,762 "," 11,381 ",5, 166 ,6.3%
Strathbogie,Country,2017," 1,219,972.05 "," 8,137 "," 8,137 ",4, 150 ,4.2%
Benalla,Country,2017," 5,078,028.84 "," 10,571 "," 3,524 ",10, 480 ,5.2%
Gannawarra,Country,2017," 1,907,102.44 "," 7,808 "," 7,808 ",6, 244 ,3.8%
Campaspe,Country,2017," 8,568,948.56 "," 28,645 "," 7,161 ",7, 299 ,6.1%
Glenelg,Country,2017," 6,616,359.12 "," 14,934 "," 3,733 ",8, 443 ,5.6%
Southern Grampians,Country,2017," 6,152,158.79 "," 12,191 "," 6,096 ",6, 505 ,4.5%
Wellington,Country,2017," 21,829,657.87 "," 32,573 "," 4,653 ",10, 670 ,6.2%
Wodonga,Country,2017," 7,517,544.65 "," 30,139 "," 10,046 ",4, 249 ,5.5%
Warrnambool,Country,2017," 18,794,442.23 "," 26,469 "," 3,309 ",9, 710 ,4.6%
Greater Bendigo,Country,2017," 47,754,127.20 "," 86,565 "," 7,870 ",7, 552 ,4.3%
Ballarat,Country,2017," 54,568,804.35 "," 80,467 "," 5,364 ",8, 678 ,4.4%
Swan Hill,Country,2017," 7,439,367.75 "," 15,622 "," 3,906 ",10, 476 ,4.3%
Greater Shepparton,Country,2017," 31,147,764.24 "," 48,403 "," 6,050 ",7, 644 ,7.2%
Mildura,Country,2017," 25,309,607.49 "," 40,949 "," 5,119 ",7, 618 ,6.5%
East Gippsland,Country,2017," 23,472,196.09 "," 36,101 "," 3,610 ",9, 650 ,8.2%
Bass Coast,Country,2017," 16,126,066.61 "," 26,925 "," 6,731 ",7, 599 ,7.2%
Latrobe,Country,2017," 43,552,057.13 "," 57,025 "," 4,387 ",9, 764 ,9.8%
Surf Coast,Country,2017," 2,924,662.21 "," 22,493 "," 7,498 ",3, 130 ,2.7%
South Gippsland,Country,2017," 6,575,894.83 "," 21,828 "," 5,457 ",5, 301 ,4.4%
Macedon Ranges,Country,2017," 9,526,013.69 "," 35,672 "," 11,891 ",3, 267 ,2.5%
Horsham,Country,2017," 9,202,786.89 "," 15,399 "," 5,133 ",10, 598 ,3.8%
Baw Baw,Country,2017," 15,586,093.22 "," 37,499 "," 9,375 ",6, 416 ,4.6%
Wangaratta,Country,2017," 8,712,157.83 "," 21,107 "," 5,277 ",6, 413 ,4.7%
Melbourne,Metro,2017," 80,349,220.84 "," 130,602 "," 11,873 ",6, 615 ,3.8%
Moreland,Metro,2017," 61,627,685.48 "," 142,043 "," 11,837 ",5, 434 ,6.8%
Darebin,Metro,2017," 81,112,259.79 "," 127,229 "," 10,602 ",6, 638 ,6.9%
Boroondara,Metro,2017," 19,330,775.50 "," 142,953 "," 35,738 ",1, 135 ,4.0%
Whitehorse,Metro,2017," 52,884,289.66 "," 136,502 "," 22,750 ",3, 387 ,5.9%
Manningham,Metro,2017," 54,170,062.46 "," 99,095 "," 14,156 ",5, 547 ,5.8%
Banyule,Metro,2017," 55,820,854.07 "," 101,604 "," 11,289 ",6, 549 ,4.5%
Maroondah,Metro,2017," 65,114,897.86 "," 90,000 "," 9,000 ",8, 724 ,4.9%
Knox,Metro,2017," 75,061,924.49 "," 125,350 "," 11,395 ",6, 599 ,4.1%
Monash,Metro,2017," 109,200,787.10 "," 155,678 "," 10,379 ",6, 701 ,3.2%
Port Phillip,Metro,2017," 27,466,983.75 "," 95,351 "," 9,535 ",4, 288 ,4.4%
Kingston,Metro,2017," 83,016,928.48 "," 125,706 "," 7,857 ",7, 660 ,5.6%
Greater Dandenong,Metro,2017," 118,190,093.03 "," 123,853 "," 8,257 ",8, 954 ,10.2%
Frankston,Metro,2017," 62,408,098.64 "," 107,133 "," 11,904 ",5, 583 ,6.6%
Casey,Metro,2017," 127,093,891.89 "," 229,025 "," 17,617 ",4, 555 ,6.7%
Cardinia,Metro,2017," 27,045,323.57 "," 71,966 "," 14,393 ",5, 376 ,6.2%
Yarra Ranges,Metro,2017," 28,850,082.09 "," 117,730 "," 13,081 ",4, 245 ,4.6%
Hume,Metro,2017," 105,766,409.57 "," 151,170 "," 10,798 ",5, 700 ,10.3%
Brimbank,Metro,2017," 134,141,671.85 "," 159,506 "," 10,634 ",6, 841 ,11.3%
Melton,Metro,2017," 61,157,311.67 "," 103,704 "," 14,815 ",5, 590 ,9.0%
Hobsons Bay,Metro,2017," 46,908,518.85 "," 74,581 "," 8,287 ",7, 629 ,6.3%
Wyndham,Metro,2017," 97,761,233.60 "," 162,786 "," 12,522 ",5, 601 ,7.6%
Mornington Peninsula,Metro,2017," 82,563,313.29 "," 124,321 "," 7,313 ",7, 664 ,4.7%
Yarra,Metro,2017," 30,801,195.80 "," 80,755 "," 10,094 ",4, 381 ,5.7%
Maribyrnong,Metro,2017," 54,068,510.53 "," 70,225 "," 7,803 ",6, 770 ,7.7%
Stonnington,Metro,2017," 23,032,562.79 "," 95,060 "," 13,580 ",3, 242 ,3.0%
Glen Eira,Metro,2017," 76,259,820.19 "," 118,747 "," 10,795 ",7, 642 ,4.0%
Bayside,Metro,2017," 14,710,079.11 "," 80,571 "," 16,114 ",3, 183 ,3.3%
Moonee Valley,Metro,2017," 75,679,083.21 "," 98,927 "," 8,993 ",7, 765 ,5.1%
Buloke,Country,2017, -   ," 4,594 ", -   ,0, -   ,4.1%
Golden Plains,Country,2017, -   ," 15,815 ", -   ,0, -   ,3.2%
Hindmarsh,Country,2017, -   ," 4,194 ", -   ,0, -   ,4.1%
Indigo,Country,2017, -   ," 12,113 ", -   ,0, -   ,3.4%
Loddon,Country,2017, -   ," 5,865 ", -   ,0, -   ,5.2%
Moyne,Country,2017, -   ," 12,484 ", -   ,0, -   ,3.1%
Pyrenees,Country,2017, -   ," 5,623 ", -   ,0, -   ,4.4%
West Wimmera,Country,2017, -   ," 2,978 ", -   ,0, -   ,3.0%
Yarriambiack,Country,2017, -   ," 5,252 ", -   ,0, -   ,5.0%
Whittlesea,Metro,2018,109477625.9,167105.7353,16710.57353,4.135106428,655.1398471,0.057512662
Nillumbik,Metro,2018,8997960.41,49401.8134,24700.9067,1.821795473,182.1382616,0.020210939
Ararat,Country,2018,5259572.75,9620.364875,4810.182438,9.147262203,546.7123979,0.042343673
Northern Grampians,Country,2018,4460935.47,9322.886367,4661.443184,8.581033475,478.4929575,0.039446144
Borough Of Queenscliffe,Country,2018,1311953.05,2548.806311,2548.806311,11.77021568,514.7323452,0.034408602
Greater Geelong,Country,2018,117520489.6,196065.4971,7842.619886,6.502928963,599.3940358,0.065681312
Corangamite,Country,2018,2522705.5,12484.60769,6242.303846,4.565622037,202.0652601,0.025615325
Colac Otway,Country,2018,7720086.3,16941.23421,3388.246842,6.493033426,455.6979855,0.02986211
Hepburn,Country,2018,2772107.27,12935.4903,6467.745151,3.865334737,214.3024505,0.031380208
Moorabool,Country,2018,9189957.37,26019.3778,8673.125933,4.227618387,353.1966614,0.061091073
Central Goldfields,Country,2018,7688927.1,10706.09064,5353.045318,9.247072846,718.1825152,0.073772046
Mount Alexander,Country,2018,2902516.49,15923.58715,15923.58715,1.883997602,182.2778036,0.058188153
Mansfield,Country,2018,1611791.69,6940.840213,6940.840213,5.762991046,232.218527,0.020652898
Murrindindi,Country,2018,1521511.2,11632.32115,11632.32115,2.14918413,130.800309,0.032292788
Mitchell,Country,2018,18771634.93,32726.67031,6545.334063,6.966794905,573.5882921,0.0443313
Towong,Country,2018,219382.89,4823.105468,4823.105468,2.07335296,45.48581644,0.027760051
Alpine,Country,2018,2237652.84,10180.05507,5090.027534,5.697415153,219.8075379,0.024577573
Moira,Country,2018,4096944.67,23385.89482,11692.94741,4.404364289,175.1887068,0.051372026
Strathbogie,Country,2018,1213122.7,8664.000553,8664.000553,3.693443901,140.0187699,0.028985507
Benalla,Country,2018,5514191.58,11311.9354,3770.645133,9.282231227,487.4666788,0.040120361
Gannawarra,Country,2018,1915570.57,8446.800722,8446.800722,5.327460832,226.780604,0.033376123
Campaspe,Country,2018,8265372.85,29439.54048,7359.88512,7.099295593,280.7575361,0.050607816
Glenelg,Country,2018,6919411.15,15757.1075,3939.276874,7.615610925,439.1295262,0.041390728
Southern Grampians,Country,2018,6048785.67,12538.63282,6269.316408,5.981513384,482.4118992,0.034501948
Wellington,Country,2018,21260639.2,34579.75069,4939.964384,9.196133393,614.8291638,0.063586524
Wodonga,Country,2018,7768079.86,31281.99349,10427.33116,4.315581743,248.3243231,0.04130657
Warrnambool,Country,2018,19072936.03,27035.3966,3379.424575,8.655319672,705.4801642,0.037534731
Greater Bendigo,Country,2018,49335223.89,88741.62863,8874.162863,6.761201133,555.9422861,0.074857894
Ballarat,Country,2018,55763965.38,82672.75593,5511.517062,7.946995266,674.5144123,0.04631423
Swan Hill,Country,2018,8074233.89,16125.43967,4031.359917,9.860196266,500.7140305,0.034891897
Greater Shepparton,Country,2018,33343094.2,50439.77747,6304.972184,6.522629886,661.0476071,0.065216101
Mildura,Country,2018,28052968.58,42682.97587,5335.371984,6.583421007,657.240223,0.051818841
East Gippsland,Country,2018,24387766.16,37575.58015,3757.558015,8.835525591,649.0323254,0.081228213
Bass Coast,Country,2018,17675542.3,28144.88815,5628.977631,7.567981754,628.019632,0.069985939
Latrobe,Country,2018,44669216.68,58536.0263,4502.771254,8.91758517,763.1064065,0.095059718
Surf Coast,Country,2018,3171443.64,24490.19253,8163.39751,3.021617732,129.4985181,0.023915395
South Gippsland,Country,2018,6302670.64,23062.6135,5765.653374,4.552823123,273.2851869,0.042798131
Macedon Ranges,Country,2018,9557852.54,37260.54094,12420.18031,2.764318429,256.5140575,0.027874431
Horsham,Country,2018,9511776.16,15367.37722,5122.459074,9.630791115,618.9589819,0.033122043
Baw Baw,Country,2018,16428073.8,39631.0039,9907.750976,6.005399222,414.5258051,0.047626508
Wangaratta,Country,2018,8725929.3,22692.49225,5673.123062,5.993171597,384.5293503,0.034262524
Melbourne,Metro,2018,83992700.4,159134.6146,15913.46146,4.430211501,527.8091168,0.038922898
Moreland,Metro,2018,64168977.16,147031.0736,12252.58947,4.427635492,436.431399,0.062387133
Darebin,Metro,2018,82129607.7,131216.4426,10934.70355,5.670021113,625.9094216,0.058561939
Boroondara,Metro,2018,20325757.29,142954.7894,35738.69734,1.133225412,142.1831153,0.039162202
Whitehorse,Metro,2018,53601233.78,140691.3176,23448.55294,3.063444193,380.9846597,0.060333747
Manningham,Metro,2018,58387460.55,101514.6755,14502.0965,5.142113664,575.1627562,0.058333207
Banyule,Metro,2018,58536906.89,102423.7235,11380.41372,6.199735551,571.5170751,0.034259524
Maroondah,Metro,2018,65326363.45,91383.94043,9138.394043,8.3056169,714.8560583,0.04174029
Knox,Metro,2018,75860234.52,128639.91,11694.53727,5.954606155,589.709947,0.037866695
Monash,Metro,2018,111942285.4,161880.2262,10792.01508,5.899423435,691.513028,0.032046397
Port Phillip,Metro,2018,27496648.16,97303.17519,9730.317519,3.83337953,282.5873678,0.042323131
Kingston,Metro,2018,86280868.83,129251.8619,8078.241368,6.947675545,667.5406263,0.054263305
Greater Dandenong,Metro,2018,121420072.8,131033.3036,8735.553575,7.311118422,926.6352097,0.100494917
Frankston,Metro,2018,64622291.4,110025.8297,12225.09219,4.717074177,587.3374605,0.066452262
Casey,Metro,2018,131514174.6,249136.1897,19164.32228,3.664662293,527.8806536,0.069143805
Cardinia,Metro,2018,29046899.53,78371.99283,15674.39857,4.146889575,370.6285687,0.066779448
Yarra Ranges,Metro,2018,29300516.12,121840.0731,13537.7859,3.627706294,240.4834089,0.043171097
Hume,Metro,2018,109623804.8,166436.1995,11888.29996,5.004920819,658.6536168,0.091253909
Brimbank,Metro,2018,139507225.2,163999.3746,10933.29164,5.810997768,850.6570556,0.109090394
Melton,Metro,2018,66052977.77,110806.4661,15829.49515,4.539446278,596.1112209,0.087520657
Hobsons Bay,Metro,2018,47437370.43,74966.55844,8329.617604,7.136515417,632.7804213,0.058559573
Wyndham,Metro,2018,105458372.2,182964.4169,14074.18591,4.880730447,576.3873324,0.074749988
Mornington Peninsula,Metro,2018,83996241.79,130882.6919,7698.981874,6.127624582,641.7673766,0.046223196
Yarra,Metro,2018,31076310.57,85771.78642,10721.4733,3.590924392,362.3139014,0.056154146
Maribyrnong,Metro,2018,54924962.83,76008.14735,8445.349706,5.920417951,722.6194131,0.072338297
Stonnington,Metro,2018,20852827.55,99210.63616,14172.94802,2.882755429,210.187419,0.028377916
Glen Eira,Metro,2018,77171466.4,120818.4894,10983.49903,6.455965508,638.7388785,0.037308971
Bayside,Metro,2018,15378669.22,81419.07441,16283.81488,2.554683918,188.8828795,0.033171891
Moonee Valley,Metro,2018,78589175.42,102783.3096,9343.937238,7.112049638,764.6102827,0.04790304
Buloke,Country,2018,0,4879.420529,0,0,0,0.032776747
Golden Plains,Country,2018,0,16842.36191,0,0,0,0.031464335
Hindmarsh,Country,2018,0,4566.548898,0,0,0,0.035801182
Indigo,Country,2018,0,12811.22633,0,0,0,0.024053401
Loddon,Country,2018,0,6039.799242,0,0,0,0.082426128
Moyne,Country,2018,0,12742.07756,0,0,0,0.023272652
Pyrenees,Country,2018,0,6038.15198,0,0,0,0.041577499
West Wimmera,Country,2018,0,3063.112457,0,0,0,0.026813187
Yarriambiack,Country,2018,0,5296.464793,0,0,0,0.040988547
Whittlesea,Metro,2019,110856167.8,172500.1792,17250.01792,4.005792941,642.6437833,0.056124122
Nillumbik,Metro,2019,9850088.23,49706.77811,24853.38905,1.810618258,198.1638844,0.020470881
Ararat,Country,2019,5127078.19,9699.222605,4849.611302,9.072892085,528.6071265,0.039992594
Northern Grampians,Country,2019,4073506.19,9228.046207,4614.023104,8.669224038,441.4267223,0.035598121
Borough Of Queenscliffe,Country,2019,1315335.77,2541.904344,2541.904344,11.80217504,517.4607664,0.038665656
Greater Geelong,Country,2019,119070099,202326.7841,8093.071365,6.296744178,588.5038877,0.068666028
Corangamite,Country,2019,2760823.32,12519.64849,6259.824245,4.55284348,220.519236,0.028143233
Colac Otway,Country,2019,7990796.1,16992.04792,3398.409583,6.473616397,470.266806,0.031776185
Hepburn,Country,2019,2656921.95,12966.02252,6483.01126,3.856232697,204.914186,0.032180209
Moorabool,Country,2019,9683821.87,26557.11054,8852.370179,4.142016875,364.6413964,0.04853988
Central Goldfields,Country,2019,7457634.29,10789.29354,5394.646769,9.175762959,691.2069139,0.077179236
Mount Alexander,Country,2019,2991061.71,16147.65086,16147.65086,1.857855378,185.2320028,0.032285745
Mansfield,Country,2019,1533604.16,7142.328608,7142.328608,5.600414402,214.7204706,0.020214031
Murrindindi,Country,2019,1442753.24,11906.34371,11906.34371,2.099721007,121.1751714,0.031494941
Mitchell,Country,2019,18943555.48,34457.14704,8614.28676,5.920397291,549.7714439,0.042262415
Towong,Country,2019,217960.47,4909.217118,4909.217118,2.036984668,44.39821356,0.03240262
Alpine,Country,2019,2086641.57,10301.60059,5150.800296,5.630193045,202.5550837,0.022508563
Moira,Country,2019,4083577.8,23679.08744,11839.54372,4.307598436,172.4550328,0.038345766
Strathbogie,Country,2019,1483873.79,8811.085446,8811.085446,3.631788637,168.409874,0.03044739
Benalla,Country,2019,5510447.27,11405.58305,3801.861017,9.206017748,483.1359559,0.045089859
Gannawarra,Country,2019,1942268.86,8401.373803,8401.373803,5.35626685,231.1846735,0.033266533
Campaspe,Country,2019,8863073.68,29605.6114,7401.402849,7.059472517,299.3714118,0.038166071
Glenelg,Country,2019,7039926.41,15793.08156,3948.270389,7.598263808,445.7601504,0.050763396
Southern Grampians,Country,2019,6239012.55,12684.00724,6342.003621,5.912957835,491.8802418,0.037711913
Wellington,Country,2019,21540735.76,34764.28501,4966.326431,9.147318861,619.6225739,0.048476893
Wodonga,Country,2019,7643162.83,31927.55366,10642.51789,4.228322703,239.3908068,0.04433111
Warrnambool,Country,2019,19365548.92,27319.02933,3414.878666,8.565458063,708.8666544,0.040309193
Greater Bendigo,Country,2019,50671967.86,90594.89714,8235.89974,7.229987788,559.3247463,0.042895089
Ballarat,Country,2019,57540687.41,84209.28322,6014.948802,7.588237016,683.3057498,0.045979875
Swan Hill,Country,2019,8486157.84,16013.14674,4003.286685,9.929341346,529.9494208,0.031782722
Greater Shepparton,Country,2019,34161100.28,50703.47799,6337.934749,6.488706753,673.7427418,0.046612179
Mildura,Country,2019,29990565.1,43076.24388,5384.530485,6.500102488,696.2205244,0.042516317
East Gippsland,Country,2019,25103671.73,38117.81453,3811.781453,8.683603822,658.581087,0.060684041
Bass Coast,Country,2019,17616911.38,29076.46114,5815.292228,7.325513203,605.882239,0.048294559
Latrobe,Country,2019,46054599.85,59260.21561,4558.478124,8.808607843,777.1588304,0.070879568
Surf Coast,Country,2019,3639388.08,25282.45193,8427.483978,3.52022819,143.9491743,0.022727273
South Gippsland,Country,2019,6396812.57,23366.52697,5841.631744,4.493607463,273.7596639,0.030657033
Macedon Ranges,Country,2019,9594189.79,38002.31483,12667.43828,2.71036121,252.4632995,0.019894895
Horsham,Country,2019,9923476.11,15347.61412,5115.871372,9.903819502,646.5810278,0.031420765
Baw Baw,Country,2019,17178584.59,40820.34253,10205.08563,5.830426333,420.8339158,0.034431762
Wangaratta,Country,2019,8873355.74,22905.26622,5726.316555,6.723344689,387.3936961,0.035261946
Melbourne,Metro,2019,84505931.59,164397.0785,16439.70785,4.270148875,514.0354825,0.037259698
Moreland,Metro,2019,63544651.2,151324.3086,12610.35905,4.235935428,419.9236183,0.05358344
Darebin,Metro,2019,81576110.09,133818.6032,11151.55027,5.559765102,609.602164,0.054378107
Boroondara,Metro,2019,20450974.24,144701.5965,36175.39913,1.119545353,141.3320567,0.029188862
Whitehorse,Metro,2019,52795623.89,142812.4547,23802.07578,3.017944065,369.6850111,0.046221547
Manningham,Metro,2019,56358630.19,101989.7978,14569.97112,5.118158985,552.590861,0.044382843
Banyule,Metro,2019,57758108.75,102780.5677,11420.06308,6.17821067,561.9555335,0.034663966
Maroondah,Metro,2019,62861488.65,92202.12781,9220.212781,8.231914144,681.7791535,0.040875691
Knox,Metro,2019,73890071.24,129267.67,11751.60636,5.933424809,571.6051914,0.037646983
Monash,Metro,2019,110209894.9,164970.3763,10998.02509,5.788918116,668.0586989,0.025365507
Port Phillip,Metro,2019,28426650.63,99340.75374,9934.075374,3.795018518,286.152959,0.043329895
Kingston,Metro,2019,85701350.43,130624.9475,8164.059219,6.905265933,656.0871569,0.044228541
Greater Dandenong,Metro,2019,119311877.9,132833.2866,8855.55244,7.204519473,898.2076781,0.07712193
Frankston,Metro,2019,62253454.9,111366.2523,12374.02803,4.660298692,558.9974845,0.053649213
Casey,Metro,2019,132360622,259262.0482,19943.23448,3.521533546,510.5283356,0.054082172
Cardinia,Metro,2019,28545146.74,81684.46516,16336.89303,3.97872471,349.4562483,0.050047816
Yarra Ranges,Metro,2019,29226804.27,122944.5912,13660.51013,3.481243021,237.7233841,0.042209801
Hume,Metro,2019,111695894.1,172088.9593,12292.06852,4.840519714,649.0590363,0.077866124
Brimbank,Metro,2019,142904247.8,164191.0255,10946.06837,5.798124452,870.3535858,0.085710254
Melton,Metro,2019,67781774.82,118127.7542,16875.39345,4.359686711,573.8005882,0.067182576
Hobsons Bay,Metro,2019,47042973.65,76156.31914,8461.813238,7.025024397,617.7159582,0.04297398
Wyndham,Metro,2019,106057102.2,193443.5862,14880.27586,4.668027604,548.258561,0.057453201
Mornington Peninsula,Metro,2019,83357567.15,133266.6039,7839.211995,6.190598213,625.4947954,0.0375577
Yarra,Metro,2019,30265707.48,87653.82941,10956.72868,3.513822523,345.2867682,0.053494479
Maribyrnong,Metro,2019,57257924.75,76311.81524,8479.090582,6.172045554,750.3153289,0.051856904
Stonnington,Metro,2019,19862345.3,101165.179,20233.0358,2.411897081,196.3357896,0.02521348
Glen Eira,Metro,2019,74244676.72,121918.562,11083.50564,6.397713252,608.9694258,0.031461592
Bayside,Metro,2019,13807869.64,83050.74591,16610.14918,2.504492858,166.2582255,0.027993945
Moonee Valley,Metro,2019,77650758.56,104312.3625,9482.942046,7.142010612,744.4060962,0.044748004
Buloke,Country,2019,0,4916.424418,0,0,0,0.033298647
Golden Plains,Country,2019,0,17292.55535,0,0,0,0.031803611
Hindmarsh,Country,2019,0,4528.091248,0,0,0,0.032583398
Indigo,Country,2019,0,13044.13267,0,0,0,0.024625665
Loddon,Country,2019,0,6074.240224,0,0,0,0.050736961
Moyne,Country,2019,0,12919.56459,0,0,0,0.025399207
Pyrenees,Country,2019,0,6006.053172,0,0,0,0.04572175
West Wimmera,Country,2019,0,3018.201387,0,0,0,0.022782356
Yarriambiack,Country,2019,0,5289.059947,0,0,0,0.036345448
Whittlesea,Metro,2020,83730104.34,177659.6352,17765.96352,3.883831008,471.295037,0.056488311
Nillumbik,Metro,2020,7336416.82,49896.66328,24948.33164,1.783686406,147.0322129,0.02237464
Ararat,Country,2020,3978324.37,9777.030735,4888.515368,9.000687671,406.9051717,0.042156863
Northern Grampians,Country,2020,3025947.99,9199.206653,4599.603326,8.696402094,328.9357555,0.043205027
Borough Of Queenscliffe,Country,2020,1081220.5,2562.915631,2562.915631,11.70541848,421.8712808,0.019825535
Greater Geelong,Country,2020,88056044.26,207369.3075,8294.772298,6.350988081,424.6339313,0.040405277
Corangamite,Country,2020,2097431.81,12495.36884,6247.684418,4.561690075,167.8567346,0.02590734
Colac Otway,Country,2020,6219374.95,17064.59299,3412.918598,6.446095729,364.4607846,0.026885415
Hepburn,Country,2020,2235539.14,13092.90099,6546.450493,4.353504244,170.7443707,0.031151469
Moorabool,Country,2020,7396281.54,27324.48146,9108.160488,4.02569396,270.6833266,0.055149608
Central Goldfields,Country,2020,5847241.6,10852.91207,5426.456035,9.121975683,538.7716736,0.071991001
Mount Alexander,Country,2020,2150042.97,16331.72496,16331.72496,1.836915578,131.6482475,0.040940863
Mansfield,Country,2020,1141575.34,7245.251043,7245.251043,5.520857698,157.5618751,0.022046589
Murrindindi,Country,2020,1140440.93,12075.13412,12075.13412,2.070370379,94.4454048,0.036342011
Mitchell,Country,2020,12790856.16,35879.67653,8969.919133,5.685669987,356.4930734,0.044893016
Towong,Country,2020,211210.95,4944.634691,4944.634691,2.022394095,42.7151778,0.031466331
Alpine,Country,2020,1681082.38,10363.64051,5181.820255,5.4999978,162.2096384,0.023539797
Moira,Country,2020,3337831.64,23832.01811,11916.00905,4.321916824,140.0566089,0.048595601
Strathbogie,Country,2020,1065272.38,8890.791475,8890.791475,3.599229617,119.8174969,0.031004924
Benalla,Country,2020,4484575.36,11477.59692,3825.865639,9.061130196,390.7242424,0.042392567
Gannawarra,Country,2020,1573498.96,8405.447584,8405.447584,5.353670884,187.1999015,0.033758927
Campaspe,Country,2020,6756968.05,29724.24704,7431.061761,7.031296695,227.3217566,0.049267101
Glenelg,Country,2020,5655412.05,15812.05522,3953.013804,7.589146279,357.6645776,0.043520216
Southern Grampians,Country,2020,4657076.65,12706.55515,6353.277573,5.902465234,366.5097736,0.032022276
Wellington,Country,2020,17095751.31,35002.47252,5000.353217,9.085072486,488.4155341,0.042488763
Wodonga,Country,2020,6203088.85,32701.92765,10900.64255,4.372830909,189.6857249,0.045597073
Warrnambool,Country,2020,15064961.02,27563.06532,3445.383165,8.489621792,546.5633392,0.034865454
Greater Bendigo,Country,2020,37393718.14,92151.29027,8377.390024,7.172986923,405.7861592,0.052259458
Ballarat,Country,2020,43713217.49,85890.6603,6135.047164,7.416405902,508.9402892,0.039430663
Swan Hill,Country,2020,5971315.03,16041.6068,4010.401701,9.9117253,372.2392092,0.035195183
Greater Shepparton,Country,2020,24979550.94,51212.71333,6401.589167,6.424186078,487.7607397,0.062119543
Mildura,Country,2020,22534278.34,43494.53947,5436.817433,6.437589717,518.0944233,0.043747324
East Gippsland,Country,2020,19870189.94,38507.6105,3850.76105,8.621672333,516.0068279,0.051389566
Bass Coast,Country,2020,13044199.82,29699.11156,5939.822311,7.171931712,439.2117857,0.0438485
Latrobe,Country,2020,34583574.45,59673.58864,4590.276049,8.747588537,579.5457461,0.058535641
Surf Coast,Country,2020,2960696.56,26002.32678,8667.442262,3.422770613,113.8627548,0.018797418
South Gippsland,Country,2020,5146148.99,23556.18567,5889.046418,4.457427932,218.4627453,0.026764333
Macedon Ranges,Country,2020,6875014.49,38665.67367,12888.55789,2.663861514,177.8066651,0.028600459
Horsham,Country,2020,7232445.14,15403.38978,5134.46326,9.932878555,469.5359427,0.033113966
Baw Baw,Country,2020,12615876.95,41732.67655,10433.16914,5.702965151,302.3021285,0.029278239
Wangaratta,Country,2020,6958810.67,23108.51645,5777.129113,6.664209722,301.136193,0.036016123
Melbourne,Metro,2020,60550927.45,176095.3038,17609.53038,3.96944146,343.8531643,0.039619512
Moreland,Metro,2020,45240803.69,154280.3214,12856.69345,3.863097994,293.2376812,0.061041834
Darebin,Metro,2020,56942787.26,135618.5661,11301.54718,5.478600912,419.874571,0.056404021
Boroondara,Metro,2020,13840601.76,146074.1087,36518.52716,1.109026107,94.75054742,0.036816474
Whitehorse,Metro,2020,37533801.68,144209.5483,24034.92472,2.9887064,260.2726527,0.051449875
Manningham,Metro,2020,40882839.55,103412.231,14773.17585,5.04775881,395.3385317,0.054955839
Banyule,Metro,2020,42485587.54,103351.1066,11483.45629,6.144104506,411.0801415,0.036067513
Maroondah,Metro,2020,45231944.01,93351.29799,9335.129799,8.130577896,484.5347091,0.043632368
Knox,Metro,2020,53495581.43,130096.6673,11826.96976,5.841809907,411.1987074,0.038947403
Monash,Metro,2020,80541622.78,166560.5257,11104.03504,5.733651453,483.5576885,0.036687351
Port Phillip,Metro,2020,21479124.18,102021.2668,10202.12668,3.68550609,210.5357526,0.048967965
Kingston,Metro,2020,62080320.77,131856.8718,8241.054486,6.840750792,470.8159684,0.056109414
Greater Dandenong,Metro,2020,87430092.39,134846.508,9631.893429,6.8744828,648.3674934,0.102449202
Frankston,Metro,2020,46303077.79,112321.6058,12480.17842,4.620660435,412.236608,0.062963054
Casey,Metro,2020,98000778.83,268064.6408,20620.35699,3.402164482,365.5863695,0.077362637
Cardinia,Metro,2020,21286227.94,85551.06311,17110.21262,3.798900776,248.8131318,0.069546859
Yarra Ranges,Metro,2020,21194989.29,123641.5379,13737.94866,3.526323008,171.4228862,0.042524305
Hume,Metro,2020,85935117.85,178458.5524,12747.03946,4.667750515,481.5410452,0.097760102
Brimbank,Metro,2020,101974229,165278.7409,11018.58273,5.766016819,616.9833362,0.094030426
Melton,Metro,2020,51592384.79,123186.9191,17598.1313,4.245580649,418.8138251,0.081096671
Hobsons Bay,Metro,2020,34611658.77,76700.11704,8522.235226,6.85787741,451.2595301,0.049707441
Wyndham,Metro,2020,75755561.99,203152.0181,15627.07832,4.444947228,372.9008586,0.065462332
Mornington Peninsula,Metro,2020,63053341.48,134635.7297,7919.748804,6.164782573,468.3254708,0.045299284
Yarra,Metro,2020,22747249.32,89621.57087,12803.08155,3.213512073,253.8144456,0.060737557
Maribyrnong,Metro,2020,42243207.83,78962.1869,8773.576322,5.964880388,534.9802163,0.061659407
Stonnington,Metro,2020,14118284.77,102418.1744,20483.63488,2.382389663,137.8494086,0.033078346
Glen Eira,Metro,2020,54025303.76,123025.3949,11184.12681,6.340154411,439.1394461,0.042236969
Bayside,Metro,2020,10227125.75,84052.37611,16810.47522,2.462750128,121.6756292,0.036821671
Moonee Valley,Metro,2020,57497773.73,105764.1008,9614.91825,7.034523006,543.641683,0.051689808
Buloke,Country,2020,0,4901.398122,0,0,0,0.03035982
Golden Plains,Country,2020,0,17723.14913,0,0,0,0.023682322
Hindmarsh,Country,2020,0,4499.839896,0,0,0,0.036885246
Indigo,Country,2020,0,13192.35672,0,0,0,0.022044308
Loddon,Country,2020,0,6088.814141,0,0,0,0.062555853
Moyne,Country,2020,0,13031.32241,0,0,0,0.02397878
Pyrenees,Country,2020,0,6032.726218,0,0,0,0.044117647
West Wimmera,Country,2020,0,2986.952564,0,0,0,0.02739726
Yarriambiack,Country,2020,0,5258.044836,0,0,0,0.038225748
Whittlesea,Metro,2021,67242759.22,183060.998,18306.0998,3.763772773,367.3243343,0.083954803
Nillumbik,Metro,2021,4886130.35,50202.44113,25101.22057,1.792741508,97.328541,0.035321185
Ararat,Country,2021,3061583.2,9832.674711,4916.337355,8.949751984,311.3682991,0.030935961
Northern Grampians,Country,2021,2398765.33,9172.127047,4586.063524,8.722077179,261.5277043,0.030997038
Borough Of Queenscliffe,Country,2021,749271.29,2575.048274,2575.048274,11.65026703,290.9736868,0.026666667
Greater Geelong,Country,2021,69812595.48,212436.7033,8497.46813,6.270102951,328.6277485,0.041098534
Corangamite,Country,2021,1619192.54,12479.23306,6239.616531,4.567588386,129.7509656,0.030401485
Colac Otway,Country,2021,4306383.32,17132.93903,3426.587806,6.420381221,251.3511145,0.035412578
Hepburn,Country,2021,1870726.65,13222.76372,6611.38186,4.310747829,141.4777341,0.054443754
Moorabool,Country,2021,5842312.02,28120.80306,9373.601021,3.87613397,207.7576521,0.062407759
Central Goldfields,Country,2021,4345839.89,10922.45309,5461.226544,9.063897936,397.8813052,0.105535055
Mount Alexander,Country,2021,1386596.92,16495.99944,16495.99944,1.818622759,84.05655719,0.041653282
Mansfield,Country,2021,885213.58,7330.597711,7330.597711,5.456580974,120.7559895,0.029098936
Murrindindi,Country,2021,955172.75,12227.78973,12227.78973,2.044523218,78.11491459,0.049617826
Mitchell,Country,2021,10166049.62,37376.74279,9344.185697,5.457939477,271.9886448,0.061752988
Towong,Country,2021,141399.59,4975.539535,4975.539535,2.009832286,28.41894613,0.029108551
Alpine,Country,2021,1571940.55,10420.40032,5210.200162,5.566004971,150.8522227,0.03280784
Moira,Country,2021,2763277.47,23994.71952,11997.35976,4.292611128,115.1618992,0.045652008
Strathbogie,Country,2021,861576.02,8979.490044,8979.490044,3.563676761,95.94932627,0.036606829
Benalla,Country,2021,3351909.22,11550.64175,3850.213915,9.090404006,290.1924667,0.041188008
Gannawarra,Country,2021,1296902.14,8400.781997,8400.781997,5.356644181,154.37874,0.027367507
Campaspe,Country,2021,5422266.38,29860.37167,7465.092917,6.965753887,181.5873707,0.044026599
Glenelg,Country,2021,4794726.96,15834.75277,3958.688193,7.578267986,302.7977152,0.047459252
Southern Grampians,Country,2021,3840793.14,12711.06348,6355.531738,5.900371762,302.1614319,0.037066882
Wellington,Country,2021,13030736.57,35263.60743,5037.658204,8.989437643,369.5236399,0.055230914
Wodonga,Country,2021,4263903.67,33512.98587,11170.99529,4.147645947,127.2313869,0.042990419
Warrnambool,Country,2021,12680130.48,27796.82895,3474.603618,8.418226426,456.1718354,0.038529161
Greater Bendigo,Country,2021,29801121.08,93818.62767,8528.966152,7.024191425,317.6460989,0.04732802
Ballarat,Country,2021,33712291.21,87661.77755,6261.55554,7.289379908,384.5722976,0.059435963
Swan Hill,Country,2021,5538862.62,16065.9968,4016.499199,9.896678185,344.7568607,0.026436303
Greater Shepparton,Country,2021,23211491.04,51756.26446,6469.533057,6.318075762,448.4769387,0.057794031
Mildura,Country,2021,17537958.22,43906.83716,5488.354644,6.399914414,399.4356997,0.034651527
East Gippsland,Country,2021,15826004.79,38908.78975,3890.878975,8.532776324,406.746262,0.067103666
Bass Coast,Country,2021,10212163.44,30283.4334,6056.686681,7.03354858,337.2194726,0.066641352
Latrobe,Country,2021,26146188.13,60119.77712,4624.59824,8.666033457,434.9016144,0.0796409
Surf Coast,Country,2021,2230907.96,26682.76358,8894.254528,3.298009208,83.60857949,0.025803723
South Gippsland,Country,2021,3544095.23,23768.81377,5942.203443,4.417553228,149.1069459,0.040474186
Macedon Ranges,Country,2021,5293105.47,39340.95477,13113.65159,2.618136764,134.544408,0.034955933
Horsham,Country,2021,5859438.1,15444.61043,5148.203478,9.906368351,379.384001,0.024910658
Baw Baw,Country,2021,9658709.69,42662.27343,10665.56836,5.555259505,226.3993199,0.044256265
Wangaratta,Country,2021,5239122.06,23307.38037,5826.845093,6.607349154,224.7838228,0.035965353
Melbourne,Metro,2021,41502500.31,183941.8527,18394.18527,3.794677448,225.6283696,0.054442279
Moreland,Metro,2021,34684437.16,156975.3435,13081.27862,4.083443845,220.9546824,0.07447522
Darebin,Metro,2021,46800933.56,137557.7411,11463.14509,5.401368137,340.2275522,0.074099818
Boroondara,Metro,2021,9345847.28,147673.8879,36918.47197,1.097011817,63.28706729,0.045569714
Whitehorse,Metro,2021,28744018.47,146168.9795,24361.49658,2.948642055,196.6492383,0.061659181
Manningham,Metro,2021,30479034.11,104930.4589,14990.06555,4.974723313,290.4688919,0.068801969
Banyule,Metro,2021,30820598.42,104049.2642,11561.02935,6.093267502,296.2115942,0.051721482
Maroondah,Metro,2021,33757179.79,94432.48149,11804.06019,6.766739473,357.4742425,0.055777089
Knox,Metro,2021,40314103.48,131092.5187,11917.5017,5.850829685,307.5240591,0.053984696
Monash,Metro,2021,62312856.44,168566.1753,11237.74502,5.665430792,369.6640582,0.039733621
Port Phillip,Metro,2021,16253249.02,104127.6502,10412.76502,3.610952512,156.0896553,0.055585851
Kingston,Metro,2021,44194025.61,133111.1026,8319.443915,6.791319297,332.0085608,0.060131275
Greater Dandenong,Metro,2021,72841673.06,136998.3455,9785.596105,6.766505076,531.6974655,0.086494562
Frankston,Metro,2021,35642677.39,113457.6646,12606.40718,4.574393468,314.1495773,0.061607014
Casey,Metro,2021,80234395.17,276723.5921,21286.43016,3.292093721,289.9441806,0.071024074
Cardinia,Metro,2021,16533978.52,89416.10332,17883.22066,3.858365408,184.910524,0.063685785
Yarra Ranges,Metro,2021,15836711.73,124571.8303,13841.31448,3.572236186,127.1291567,0.056699962
Hume,Metro,2021,72199630.77,184496.3156,13178.30826,4.493314661,391.3337267,0.120616816
Brimbank,Metro,2021,92071306.4,166681.3634,11112.09089,5.675499534,552.3791296,0.100896089
Melton,Metro,2021,42096239.84,128601.2811,18371.61158,4.004625737,327.3391951,0.089417527
Hobsons Bay,Metro,2021,25889811.18,77346.201,8594.022333,6.916952521,334.7263453,0.056291451
Wyndham,Metro,2021,61629448.79,212358.6577,16335.28136,4.247531086,290.2139685,0.077397002
Mornington Peninsula,Metro,2021,49342514.79,136284.8076,8016.75339,5.928760615,362.0544039,0.04596493
Yarra,Metro,2021,17170351.84,91225.20819,13032.1726,3.157022118,188.2193769,0.063196824
Maribyrnong,Metro,2021,35704081.49,81769.50094,9085.500105,5.686716864,436.6430158,0.069788229
Stonnington,Metro,2021,11185349.52,104065.5619,20813.11238,2.344675755,107.4836797,0.043477129
Glen Eira,Metro,2021,39194938.6,124251.1453,11295.55866,6.205174192,315.4493145,0.052340072
Bayside,Metro,2021,7420858.2,85053.867,17010.7734,2.445509033,87.24892191,0.043995455
Moonee Valley,Metro,2021,43672024.93,107715.852,9792.350186,6.814224518,405.4373066,0.059930678
Buloke,Country,2021,0,4877.109528,0,0,0,0.024015009
Golden Plains,Country,2021,0,18181.8817,0,0,0,0.032943677
Hindmarsh,Country,2021,0,4472.529253,0,0,0,0.027549342
Indigo,Country,2021,0,13330.94287,0,0,0,0.025097956
Loddon,Country,2021,0,6110.198352,0,0,0,0.055459272
Moyne,Country,2021,0,13159.97059,0,0,0,0.028459998
Pyrenees,Country,2021,0,6073.691553,0,0,0,0.062970774
West Wimmera,Country,2021,0,2952.348653,0,0,0,0.019241341
Yarriambiack,Country,2021,0,5215.019754,0,0,0,0.028954035
Whittlesea,Metro,2022,97729563.6,188501.0483,18850.10483,3.649847076,518.4563401,0.046395919
Nillumbik,Metro,2022,7180438.58,50553.43972,25276.71986,1.780294289,142.0365977,0.016461114
Ararat,Country,2022,4188923.57,9867.702064,4933.851032,8.816642358,424.508517,0.037722029
Northern Grampians,Country,2022,3627235.73,9140.151054,4570.075527,8.752590578,396.8463659,0.031687675
Borough Of Queenscliffe,Country,2022,1353727.22,2589.324245,2589.324245,11.58603449,522.8110086,0.010519802
Greater Geelong,Country,2022,104148198,217368.294,8694.731759,6.150851054,479.132426,0.028243159
Corangamite,Country,2022,2396577.43,12464.52706,6232.263532,4.572977354,192.2718301,0.022519178
Colac Otway,Country,2022,6671347.85,17206.83028,3441.366057,6.392810192,387.7150957,0.025521017
Hepburn,Country,2022,2698681.08,13358.94212,6679.471059,4.266804924,202.0130828,0.028742068
Moorabool,Country,2022,9441387.02,28781.50137,9593.833791,3.821899302,328.0366405,0.038590274
Central Goldfields,Country,2022,6921801.62,10984.50294,5492.251471,9.012697299,630.1424522,0.076035559
Mount Alexander,Country,2022,2291143.4,16616.19458,16616.19458,1.805467543,137.8861682,0.027975692
Mansfield,Country,2022,1486887.41,7436.683431,7436.683431,5.378741797,199.9395865,0.01454616
Murrindindi,Country,2022,1837925.37,12373.27493,12373.27493,2.020483675,148.5399283,0.026265702
Mitchell,Country,2022,15099083.26,39139.71097,9784.927742,5.109899768,385.7740102,0.035414725
Towong,Country,2022,255236.76,4991.760074,4991.760074,2.003301411,51.13161615,0.021814733
Alpine,Country,2022,2381438.7,10465.07425,5232.537123,5.542244483,227.560612,0.017920094
Moira,Country,2022,4757365.64,24179.0534,12089.5267,4.259885542,196.7556613,0.018229773
Strathbogie,Country,2022,1575659.77,9054.218833,9054.218833,3.534264036,174.0249268,0.023813755
Benalla,Country,2022,5759311.14,11603.12867,3867.709556,9.049283431,496.3584655,0.030917458
Gannawarra,Country,2022,1690859.43,8384.845722,8384.845722,5.366825043,201.6565941,0.028457711
Campaspe,Country,2022,9299310.23,30001.99764,7500.499411,6.966202801,309.9563683,0.019570378
Glenelg,Country,2022,6903658.86,15840.92522,3960.231306,7.575315098,435.8115933,0.03925367
Southern Grampians,Country,2022,5808822.56,12697.44298,6348.721491,5.906701067,457.4797121,0.030843959
Wellington,Country,2022,20999867.27,35517.36504,5073.909292,8.953366884,591.2563402,0.04239328
Wodonga,Country,2022,9192349.56,34363.97675,11454.65892,4.161334442,267.4995862,0.031671452
Warrnambool,Country,2022,18449318.05,28027.21267,3503.401584,8.349028594,658.2644613,0.027654508
Greater Bendigo,Country,2022,45975301.01,95456.47678,8677.861526,6.935097778,481.6362656,0.042244077
Ballarat,Country,2022,51177397.9,89401.65494,6385.832496,7.237002496,572.4435183,0.0403182
Swan Hill,Country,2022,8307399.76,16109.06907,4027.267267,9.870216542,515.6970725,0.027946537
Greater Shepparton,Country,2022,32827395.8,52362.04865,6545.256081,6.283176623,626.9310817,0.024856284
Mildura,Country,2022,29180379.62,44293.8114,5536.726425,6.344001365,658.7913457,0.039267108
East Gippsland,Country,2022,23643779.68,39311.19162,3931.119162,8.44543211,601.4516148,0.052610422
Bass Coast,Country,2022,14665494.59,30905.79778,6181.159556,6.891910751,474.5224405,0.040609137
Latrobe,Country,2022,39035645.81,60552.77205,4657.905542,8.620579741,644.654976,0.065659047
Surf Coast,Country,2022,3378700.17,27418.00796,9139.335988,3.246041803,123.2292359,0.011484979
South Gippsland,Country,2022,6366275.31,23986.13694,5996.534234,4.377528582,265.4147822,0.026106033
Macedon Ranges,Country,2022,7741945.74,40040.22852,13346.74284,2.572412891,193.3541847,0.020895842
Horsham,Country,2022,8918822.77,15508.67585,5169.558615,9.865445737,575.0860266,0.027481349
Baw Baw,Country,2022,15653601.5,43658.42828,10914.60707,5.428505087,358.5470691,0.029546574
Wangaratta,Country,2022,8688279.89,23497.92566,5874.481416,6.553769988,369.7466753,0.02556391
Melbourne,Metro,2022,61112470.65,190806.241,19080.6241,3.757738721,320.2854913,0.050178624
Moreland,Metro,2022,46210631.85,159490.7628,13290.8969,4.012771578,289.7386095,0.050508097
Darebin,Metro,2022,63516201.15,139795.8758,11649.65632,5.307738841,454.3496063,0.046402469
Boroondara,Metro,2022,13129434.81,149258.2868,37314.5717,1.085366873,87.96452841,0.028494307
Whitehorse,Metro,2022,39610147.31,148294.7303,24715.78838,2.89963102,267.1042136,0.042836165
Manningham,Metro,2022,44169839.07,106089.7199,15155.67428,4.920363635,416.3441952,0.041634508
Banyule,Metro,2022,39933306.92,104915.766,11657.30734,6.052474513,380.6225549,0.027108475
Maroondah,Metro,2022,45922626.48,95503.84919,11937.98115,6.70130058,480.8458179,0.033915132
Knox,Metro,2022,56216977.91,132337.941,12030.72191,5.795767972,424.7986442,0.033681606
Monash,Metro,2022,84931441.71,171021.9513,11401.46342,5.584078491,496.6113475,0.034561713
Port Phillip,Metro,2022,20898871.63,106099.9377,10609.99377,3.553253736,196.9734581,0.038831725
Kingston,Metro,2022,62540617.51,134845.9115,8427.869467,6.770691006,463.7932053,0.034017057
Greater Dandenong,Metro,2022,102478691.1,139107.518,9936.251289,6.642344087,736.6869346,0.085420588
Frankston,Metro,2022,49706086.4,114502.2067,12722.46742,4.532663734,434.1059253,0.045712861
Casey,Metro,2022,114664060.3,284735.6581,21902.74293,3.202970805,402.7035497,0.061857418
Cardinia,Metro,2022,24313333.94,92419.49203,18483.89841,3.732978752,263.0758231,0.056241427
Yarra Ranges,Metro,2022,21873008.93,125754.9577,13972.77307,3.546579859,173.9335716,0.03418016
Hume,Metro,2022,104550447.2,189743.5687,13553.11205,4.390135621,551.0091744,0.086916551
Brimbank,Metro,2022,128396442,168274.7607,11218.31738,5.66335674,763.0166372,0.066724471
Melton,Metro,2022,61122751.26,135251.7398,19321.67711,3.866863383,451.9184105,0.056416122
Hobsons Bay,Metro,2022,34829848.63,78369.12461,8707.680513,6.826668061,444.4332995,0.03514975
Wyndham,Metro,2022,87520355.84,220298.8531,16946.06562,4.07174158,397.2801248,0.04457929
Mornington Peninsula,Metro,2022,67412975.05,138058.2129,8121.071347,5.939523501,488.2938409,0.030173339
Yarra,Metro,2022,23037269.58,93072.52763,13296.07538,3.094361003,247.5195438,0.043004446
Maribyrnong,Metro,2022,50134080.44,84687.87444,9409.763827,5.54979096,591.9865243,0.046975286
Stonnington,Metro,2022,15247317.24,105540.5525,21108.1105,2.311907548,144.4688025,0.024988006
Glen Eira,Metro,2022,51391551.21,125896.5518,12589.65518,5.869898653,408.2045971,0.02595996
Bayside,Metro,2022,10161035.99,86049.46588,17209.89318,2.417214307,118.0836614,0.019535892
Moonee Valley,Metro,2022,62465544.32,109575.023,9961.365731,6.808120859,570.0710124,0.040464229
Buloke,Country,2022,0,4840.840814,0,0,0,0.027998617
Golden Plains,Country,2022,0,18641.69776,0,0,0,0.01923507
Hindmarsh,Country,2022,0,4439.436223,0,0,0,0.034200743
Indigo,Country,2022,0,13451.44292,0,0,0,0.015216201
Loddon,Country,2022,0,6115.857822,0,0,0,0.058073654
Moyne,Country,2022,0,13295.75675,0,0,0,0.020475561
Pyrenees,Country,2022,0,6103.587626,0,0,0,0.043319097
West Wimmera,Country,2022,0,2917.078447,0,0,0,0.020140987
Yarriambiack,Country,2022,0,5171.875933,0,0,0,0.035057862
